asset,package,evidence,restore
fixtures\unreal-project\Content\Fixture\Animation\A_FixtureMotion.uasset,/Game/Fixture/Animation/A_FixtureMotion,fixtures\unreal-project\Saved\Logs\UEShedFixture.log:1100,git checkout -- fixtures/unreal-project/Content
fixtures\unreal-project\Content\Fixture\Animation\SK_Fixture.uasset,/Game/Fixture/Animation/SK_Fixture,fixtures\unreal-project\Saved\Logs\UEShedFixture.log:1096,git checkout -- fixtures/unreal-project/Content
fixtures\unreal-project\Content\Fixture\Audits\Textures\T_Audit_Defaults_256.uasset,/Game/Fixture/Audits/Textures/T_Audit_Defaults_256,fixtures\unreal-project\Saved\Logs\UEShedFixture.log:1026,git checkout -- fixtures/unreal-project/Content
fixtures\unreal-project\Content\Fixture\Audits\Textures\T_Audit_Effects_1024x512.uasset,/Game/Fixture/Audits/Textures/T_Audit_Effects_1024x512,fixtures\unreal-project\Saved\Logs\UEShedFixture.log:1066,git checkout -- fixtures/unreal-project/Content
fixtures\unreal-project\Content\Fixture\Audits\Textures\T_Audit_Effects_128x256.uasset,/Game/Fixture/Audits/Textures/T_Audit_Effects_128x256,fixtures\unreal-project\Saved\Logs\UEShedFixture.log:1051,git checkout -- fixtures/unreal-project/Content
fixtures\unreal-project\Content\Fixture\Audits\Textures\T_Audit_Effects_256.uasset,/Game/Fixture/Audits/Textures/T_Audit_Effects_256,fixtures\unreal-project\Saved\Logs\UEShedFixture.log:1056,git checkout -- fixtures/unreal-project/Content
fixtures\unreal-project\Content\Fixture\Audits\Textures\T_Audit_Effects_512.uasset,/Game/Fixture/Audits/Textures/T_Audit_Effects_512,fixtures\unreal-project\Saved\Logs\UEShedFixture.log:1061,git checkout -- fixtures/unreal-project/Content
fixtures\unreal-project\Content\Fixture\Audits\Textures\T_Audit_NonPowerOfTwo_300x180.uasset,/Game/Fixture/Audits/Textures/T_Audit_NonPowerOfTwo_300x180,fixtures\unreal-project\Saved\Logs\UEShedFixture.log:1021,git checkout -- fixtures/unreal-project/Content
fixtures\unreal-project\Content\Fixture\Audits\Textures\T_Audit_UI_1024x512.uasset,/Game/Fixture/Audits/Textures/T_Audit_UI_1024x512,fixtures\unreal-project\Saved\Logs\UEShedFixture.log:1016,git checkout -- fixtures/unreal-project/Content
fixtures\unreal-project\Content\Fixture\Audits\Textures\T_Audit_UI_128.uasset,/Game/Fixture/Audits/Textures/T_Audit_UI_128,fixtures\unreal-project\Saved\Logs\UEShedFixture.log:1031,git checkout -- fixtures/unreal-project/Content
fixtures\unreal-project\Content\Fixture\Audits\Textures\T_Audit_UI_2048x1024.uasset,/Game/Fixture/Audits/Textures/T_Audit_UI_2048x1024,fixtures\unreal-project\Saved\Logs\UEShedFixture.log:1046,git checkout -- fixtures/unreal-project/Content
fixtures\unreal-project\Content\Fixture\Audits\Textures\T_Audit_UI_256x128.uasset,/Game/Fixture/Audits/Textures/T_Audit_UI_256x128,fixtures\unreal-project\Saved\Logs\UEShedFixture.log:1036,git checkout -- fixtures/unreal-project/Content
fixtures\unreal-project\Content\Fixture\Audits\Textures\T_Audit_UI_512.uasset,/Game/Fixture/Audits/Textures/T_Audit_UI_512,fixtures\unreal-project\Saved\Logs\UEShedFixture.log:1041,git checkout -- fixtures/unreal-project/Content
fixtures\unreal-project\Content\Fixture\Audits\Textures\T_Audit_World_1024.uasset,/Game/Fixture/Audits/Textures/T_Audit_World_1024,fixtures\unreal-project\Saved\Logs\UEShedFixture.log:1081,git checkout -- fixtures/unreal-project/Content
fixtures\unreal-project\Content\Fixture\Audits\Textures\T_Audit_World_128.uasset,/Game/Fixture/Audits/Textures/T_Audit_World_128,fixtures\unreal-project\Saved\Logs\UEShedFixture.log:1071,git checkout -- fixtures/unreal-project/Content
fixtures\unreal-project\Content\Fixture\Audits\Textures\T_Audit_World_2048x1024.uasset,/Game/Fixture/Audits/Textures/T_Audit_World_2048x1024,fixtures\unreal-project\Saved\Logs\UEShedFixture.log:1086,git checkout -- fixtures/unreal-project/Content
fixtures\unreal-project\Content\Fixture\Audits\Textures\T_Audit_World_256.uasset,/Game/Fixture/Audits/Textures/T_Audit_World_256,fixtures\unreal-project\Saved\Logs\UEShedFixture.log:1006,git checkout -- fixtures/unreal-project/Content
fixtures\unreal-project\Content\Fixture\Audits\Textures\T_Audit_World_512.uasset,/Game/Fixture/Audits/Textures/T_Audit_World_512,fixtures\unreal-project\Saved\Logs\UEShedFixture.log:1076,git checkout -- fixtures/unreal-project/Content
fixtures\unreal-project\Content\Fixture\Audits\Textures\T_Audit_World_512x256.uasset,/Game/Fixture/Audits/Textures/T_Audit_World_512x256,fixtures\unreal-project\Saved\Logs\UEShedFixture.log:1011,git checkout -- fixtures/unreal-project/Content
fixtures\unreal-project\Content\Fixture\Authoring\CDT_Scalars.uasset,/Game/Fixture/Authoring/CDT_Scalars,fixtures\unreal-project\Saved\Logs\UEShedFixture.log:991,git checkout -- fixtures/unreal-project/Content
fixtures\unreal-project\Content\Fixture\Authoring\DT_AssetReferences.uasset,/Game/Fixture/Authoring/DT_AssetReferences,fixtures\unreal-project\Saved\Logs\UEShedFixture.log:961,git checkout -- fixtures/unreal-project/Content
fixtures\unreal-project\Content\Fixture\Authoring\DT_Containers.uasset,/Game/Fixture/Authoring/DT_Containers,fixtures\unreal-project\Saved\Logs\UEShedFixture.log:976,git checkout -- fixtures/unreal-project/Content
fixtures\unreal-project\Content\Fixture\Authoring\DT_Enums.uasset,/Game/Fixture/Authoring/DT_Enums,fixtures\unreal-project\Saved\Logs\UEShedFixture.log:946,git checkout -- fixtures/unreal-project/Content
fixtures\unreal-project\Content\Fixture\Authoring\DT_LargeScalars.uasset,/Game/Fixture/Authoring/DT_LargeScalars,fixtures\unreal-project\Saved\Logs\UEShedFixture.log:986,git checkout -- fixtures/unreal-project/Content
fixtures\unreal-project\Content\Fixture\Authoring\DT_LeftReferences.uasset,/Game/Fixture/Authoring/DT_LeftReferences,fixtures\unreal-project\Saved\Logs\UEShedFixture.log:971,git checkout -- fixtures/unreal-project/Content
fixtures\unreal-project\Content\Fixture\Authoring\DT_Opaque.uasset,/Game/Fixture/Authoring/DT_Opaque,fixtures\unreal-project\Saved\Logs\UEShedFixture.log:981,git checkout -- fixtures/unreal-project/Content
fixtures\unreal-project\Content\Fixture\Authoring\DT_RightReferences.uasset,/Game/Fixture/Authoring/DT_RightReferences,fixtures\unreal-project\Saved\Logs\UEShedFixture.log:966,git checkout -- fixtures/unreal-project/Content
fixtures\unreal-project\Content\Fixture\Authoring\DT_Scalars.uasset,/Game/Fixture/Authoring/DT_Scalars,fixtures\unreal-project\Saved\Logs\UEShedFixture.log:936,git checkout -- fixtures/unreal-project/Content
fixtures\unreal-project\Content\Fixture\Authoring\DT_ScalarsOverride.uasset,/Game/Fixture/Authoring/DT_ScalarsOverride,fixtures\unreal-project\Saved\Logs\UEShedFixture.log:941,git checkout -- fixtures/unreal-project/Content
fixtures\unreal-project\Content\Fixture\Authoring\DT_Structs.uasset,/Game/Fixture/Authoring/DT_Structs,fixtures\unreal-project\Saved\Logs\UEShedFixture.log:951,git checkout -- fixtures/unreal-project/Content
fixtures\unreal-project\Content\Fixture\Authoring\DT_Text.uasset,/Game/Fixture/Authoring/DT_Text,fixtures\unreal-project\Saved\Logs\UEShedFixture.log:956,git checkout -- fixtures/unreal-project/Content
fixtures\unreal-project\Content\Fixture\Blueprints\BP_GraphFixture.uasset,/Game/Fixture/Blueprints/BP_GraphFixture,fixtures\unreal-project\Saved\Logs\UEShedFixture.log:1091,git checkout -- fixtures/unreal-project/Content
fixtures\unreal-project\Content\Fixture\Input\IA_Aim.uasset,/Game/Fixture/Input/IA_Aim,fixtures\unreal-project\Saved\Logs\UEShedFixture.log:1143,git checkout -- fixtures/unreal-project/Content
fixtures\unreal-project\Content\Fixture\Input\IA_Back.uasset,/Game/Fixture/Input/IA_Back,fixtures\unreal-project\Saved\Logs\UEShedFixture.log:1179,git checkout -- fixtures/unreal-project/Content
fixtures\unreal-project\Content\Fixture\Input\IA_Confirm.uasset,/Game/Fixture/Input/IA_Confirm,fixtures\unreal-project\Saved\Logs\UEShedFixture.log:1175,git checkout -- fixtures/unreal-project/Content
fixtures\unreal-project\Content\Fixture\Input\IA_Crouch.uasset,/Game/Fixture/Input/IA_Crouch,fixtures\unreal-project\Saved\Logs\UEShedFixture.log:1131,git checkout -- fixtures/unreal-project/Content
fixtures\unreal-project\Content\Fixture\Input\IA_CycleWeapon.uasset,/Game/Fixture/Input/IA_CycleWeapon,fixtures\unreal-project\Saved\Logs\UEShedFixture.log:1155,git checkout -- fixtures/unreal-project/Content
fixtures\unreal-project\Content\Fixture\Input\IA_ExitVehicle.uasset,/Game/Fixture/Input/IA_ExitVehicle,fixtures\unreal-project\Saved\Logs\UEShedFixture.log:1171,git checkout -- fixtures/unreal-project/Content
fixtures\unreal-project\Content\Fixture\Input\IA_Fire.uasset,/Game/Fixture/Input/IA_Fire,fixtures\unreal-project\Saved\Logs\UEShedFixture.log:1139,git checkout -- fixtures/unreal-project/Content
fixtures\unreal-project\Content\Fixture\Input\IA_Handbrake.uasset,/Game/Fixture/Input/IA_Handbrake,fixtures\unreal-project\Saved\Logs\UEShedFixture.log:1167,git checkout -- fixtures/unreal-project/Content
fixtures\unreal-project\Content\Fixture\Input\IA_Interact.uasset,/Game/Fixture/Input/IA_Interact,fixtures\unreal-project\Saved\Logs\UEShedFixture.log:1135,git checkout -- fixtures/unreal-project/Content
fixtures\unreal-project\Content\Fixture\Input\IA_Jump.uasset,/Game/Fixture/Input/IA_Jump,fixtures\unreal-project\Saved\Logs\UEShedFixture.log:1115,git checkout -- fixtures/unreal-project/Content
fixtures\unreal-project\Content\Fixture\Input\IA_Look.uasset,/Game/Fixture/Input/IA_Look,fixtures\unreal-project\Saved\Logs\UEShedFixture.log:1123,git checkout -- fixtures/unreal-project/Content
fixtures\unreal-project\Content\Fixture\Input\IA_Melee.uasset,/Game/Fixture/Input/IA_Melee,fixtures\unreal-project\Saved\Logs\UEShedFixture.log:1151,git checkout -- fixtures/unreal-project/Content
fixtures\unreal-project\Content\Fixture\Input\IA_Move.uasset,/Game/Fixture/Input/IA_Move,fixtures\unreal-project\Saved\Logs\UEShedFixture.log:1119,git checkout -- fixtures/unreal-project/Content
fixtures\unreal-project\Content\Fixture\Input\IA_NavigateMenu.uasset,/Game/Fixture/Input/IA_NavigateMenu,fixtures\unreal-project\Saved\Logs\UEShedFixture.log:1183,git checkout -- fixtures/unreal-project/Content
fixtures\unreal-project\Content\Fixture\Input\IA_PhotoCapture.uasset,/Game/Fixture/Input/IA_PhotoCapture,fixtures\unreal-project\Saved\Logs\UEShedFixture.log:1191,git checkout -- fixtures/unreal-project/Content
fixtures\unreal-project\Content\Fixture\Input\IA_PhotoToggle.uasset,/Game/Fixture/Input/IA_PhotoToggle,fixtures\unreal-project\Saved\Logs\UEShedFixture.log:1187,git checkout -- fixtures/unreal-project/Content
fixtures\unreal-project\Content\Fixture\Input\IA_Reload.uasset,/Game/Fixture/Input/IA_Reload,fixtures\unreal-project\Saved\Logs\UEShedFixture.log:1147,git checkout -- fixtures/unreal-project/Content
fixtures\unreal-project\Content\Fixture\Input\IA_Sprint.uasset,/Game/Fixture/Input/IA_Sprint,fixtures\unreal-project\Saved\Logs\UEShedFixture.log:1127,git checkout -- fixtures/unreal-project/Content
fixtures\unreal-project\Content\Fixture\Input\IA_Steer.uasset,/Game/Fixture/Input/IA_Steer,fixtures\unreal-project\Saved\Logs\UEShedFixture.log:1163,git checkout -- fixtures/unreal-project/Content
fixtures\unreal-project\Content\Fixture\Input\IA_Throttle.uasset,/Game/Fixture/Input/IA_Throttle,fixtures\unreal-project\Saved\Logs\UEShedFixture.log:1159,git checkout -- fixtures/unreal-project/Content
fixtures\unreal-project\Content\Fixture\Input\IMC_Fixture.uasset,/Game/Fixture/Input/IMC_Fixture,fixtures\unreal-project\Saved\Logs\UEShedFixture.log:1195,git checkout -- fixtures/unreal-project/Content
fixtures\unreal-project\Content\Fixture\Input\IMC_Gameplay.uasset,/Game/Fixture/Input/IMC_Gameplay,fixtures\unreal-project\Saved\Logs\UEShedFixture.log:1199,git checkout -- fixtures/unreal-project/Content
fixtures\unreal-project\Content\Fixture\Input\IMC_Menu.uasset,/Game/Fixture/Input/IMC_Menu,fixtures\unreal-project\Saved\Logs\UEShedFixture.log:1207,git checkout -- fixtures/unreal-project/Content
fixtures\unreal-project\Content\Fixture\Input\IMC_PhotoMode.uasset,/Game/Fixture/Input/IMC_PhotoMode,fixtures\unreal-project\Saved\Logs\UEShedFixture.log:1211,git checkout -- fixtures/unreal-project/Content
fixtures\unreal-project\Content\Fixture\Input\IMC_Vehicle.uasset,/Game/Fixture/Input/IMC_Vehicle,fixtures\unreal-project\Saved\Logs\UEShedFixture.log:1203,git checkout -- fixtures/unreal-project/Content
fixtures\unreal-project\Content\Fixture\ParserNative\A_Native.uasset,/Game/Fixture/ParserNative/A_Native,fixtures\unreal-project\Saved\Logs\UEShedFixture.log:1232,git checkout -- fixtures/unreal-project/Content
fixtures\unreal-project\Content\Fixture\ParserNative\CC_Native.uasset,/Game/Fixture/ParserNative/CC_Native,fixtures\unreal-project\Saved\Logs\UEShedFixture.log:1224,git checkout -- fixtures/unreal-project/Content
fixtures\unreal-project\Content\Fixture\ParserNative\CF_Native.uasset,/Game/Fixture/ParserNative/CF_Native,fixtures\unreal-project\Saved\Logs\UEShedFixture.log:1216,git checkout -- fixtures/unreal-project/Content
fixtures\unreal-project\Content\Fixture\ParserNative\CV_Native.uasset,/Game/Fixture/ParserNative/CV_Native,fixtures\unreal-project\Saved\Logs\UEShedFixture.log:1220,git checkout -- fixtures/unreal-project/Content
fixtures\unreal-project\Content\Fixture\ParserNative\DA_Native.uasset,/Game/Fixture/ParserNative/DA_Native,fixtures\unreal-project\Saved\Logs\UEShedFixture.log:1236,git checkout -- fixtures/unreal-project/Content
fixtures\unreal-project\Content\Fixture\ParserNative\LS_Discrete.uasset,/Game/Fixture/ParserNative/LS_Discrete,fixtures\unreal-project\Saved\Logs\UEShedFixture.log:1244,git checkout -- fixtures/unreal-project/Content
fixtures\unreal-project\Content\Fixture\ParserNative\LS_Numeric.uasset,/Game/Fixture/ParserNative/LS_Numeric,fixtures\unreal-project\Saved\Logs\UEShedFixture.log:1240,git checkout -- fixtures/unreal-project/Content
fixtures\unreal-project\Content\Fixture\ParserNative\LS_SavedDetails.uasset,/Game/Fixture/ParserNative/LS_SavedDetails,fixtures\unreal-project\Saved\Logs\UEShedFixture.log:1249,git checkout -- fixtures/unreal-project/Content
fixtures\unreal-project\Content\Fixture\ParserNative\SK_Native.uasset,/Game/Fixture/ParserNative/SK_Native,fixtures\unreal-project\Saved\Logs\UEShedFixture.log:1228,git checkout -- fixtures/unreal-project/Content
fixtures\unreal-project\Content\Fixture\Sequences\LS_NestedTimeline.uasset,/Game/Fixture/Sequences/LS_NestedTimeline,fixtures\unreal-project\Saved\Logs\UEShedFixture.log:1110,git checkout -- fixtures/unreal-project/Content
fixtures\unreal-project\Content\Fixture\Sequences\LS_TextTimeline.uasset,/Game/Fixture/Sequences/LS_TextTimeline,fixtures\unreal-project\Saved\Logs\UEShedFixture.log:1105,git checkout -- fixtures/unreal-project/Content
fixtures\unreal-project\Content\Fixture\Text\DA_TextOccurrences.uasset,/Game/Fixture/Text/DA_TextOccurrences,fixtures\unreal-project\Saved\Logs\UEShedFixture.log:1000,git checkout -- fixtures/unreal-project/Content
fixtures\unreal-project\Content\Fixture\Text\ST_Game.uasset,/Game/Fixture/Text/ST_Game,fixtures\unreal-project\Saved\Logs\UEShedFixture.log:996,git checkout -- fixtures/unreal-project/Content
out/sync-research/5.7/fixture/Content/Fixture/Authoring/DT_Scalars.uasset,/Game/Fixture/Authoring/DT_Scalars,out/sync-research/5.7/T10-rpc.jsonl; save scenario,restored from git-checkout tracked fixture bytes by research/sync-probe/restore.py; out copy has no git history
out/sync-research/5.8/fixture/Content/Fixture/Authoring/DT_Scalars.uasset,/Game/Fixture/Authoring/DT_Scalars,out/sync-research/5.8/T10-rpc.jsonl; save scenario,restored from git-checkout tracked fixture bytes by research/sync-probe/restore.py; out copy has no git history
