scenario,ObjectModified,PropertyChanged,ObjectTransacted,DataTableChanged,PackageDirtyStateChanged,PackageMarkedDirty,PostUndo,PostRedo,TransactionState,allGameThread,propertyChangedNames,transactedProperties,transactedEventTypes
apply-one,1,0,1,0,1,1,0,0,4,True,,Enabled,1
apply-five,5,0,5,0,4,5,0,0,4,True,,Description;DisplayName;Enabled;Label;Nested,1
undo-five,9,9,5,18,4,0,1,0,2,True,None,Description;DisplayName;Enabled;Label;Nested,0
redo-five,9,9,5,18,4,0,0,1,2,True,None,Description;DisplayName;Enabled;Label;Nested,0
dataasset-property,1,1,1,0,1,2,0,0,4,True,Value,Value,1
actor-property,1,1,1,0,1,2,0,0,4,True,Value,Value,1
rc-WRITE_ACCESS,2,1,0,0,0,2,0,0,0,True,Value,,
rc-WRITE_TRANSACTION_ACCESS,2,1,1,0,0,2,0,0,4,True,Value,Value,1
cell,1,0,1,3,0,1,0,0,4,True,,Count;Enabled,1
row-add,1,0,1,6,0,1,0,0,4,True,,Count;Enabled;Key;Notes;Ratio,1
row-rename,1,0,1,3,0,1,0,0,4,True,,Count;Enabled;Key;Notes;Ratio,1
row-reorder,1,0,1,3,0,1,0,0,4,True,,Count;Enabled;Key;Notes;Ratio,1
row-remove,1,0,1,3,0,1,0,0,4,True,,Count;Enabled;Key;Notes;Ratio,1
cancel,1,0,0,3,0,1,0,0,2,True,,,
raw-cell,0,0,0,0,0,0,0,0,0,True,,,
interactive,1,4,4,0,0,2,0,0,4,True,Value,Value,1;2
save,0,0,0,0,1,0,0,0,0,True,,,
reload,3,4,0,1,0,0,0,0,0,True,None,,
counts,0,0,0,0,0,0,0,0,0,True,,,
